Workbook

Sheet Instructions
B2: Business Impact Analysis (BIA) – CIA Questionnaire Tool (Yes/No + Scale Selector)
B4: PURPOSE
B5: Assess Business Impact of an asset by answering Yes/No across C, I, A dimensions.
B6: Use the Scale Selector in the Summary sheet to view scores in your preferred range.
B8: HOW TO USE
B9: Step 1 → Go to 'BIA Questionnaire' sheet and fill in asset details.
B10: Step 2 → Answer all 15 questions (Yes or No) using the dropdown.
B11: Step 3 → Go to 'BIA Score Summary' sheet.
B12: Step 4 → Select your preferred Scale using the TOGGLE (A / B / C).
B13: Step 5 → All CIA scores and BIA score auto-update to your chosen scale.
B15: SCALE OPTIONS
B16: A → Range 0.0 – 1.0 | Levels: Low / Medium / High
... B26: Scale C → BIA (0–100) = BIA_raw × 100

Sheet BIA Questionnaire
B1: Business Impact Analysis (BIA) – CIA Questionnaire [ Yes = 1 | No = 0 ]
B3: Asset / System Name
B4: Asset Owner
B5: Department
B6: Assessment Date
B7: Assessor Name
B9: # | C9: Question | D9: Guidance / Notes | E9: Yes / No | F9: CIA Dim.
B10: CONFIDENTIALITY (C)
B11: 1 | C11: Does the asset store, process, or transmit sensitive/personal data (PII, financial, IP)? | D11: e.g., customer data, trade secrets, HR records | F11: C
B12: 2 | C12: Is the asset subject to regulatory or compliance requirements (GDPR, ISO 27001, etc.)? | D12: e.g., mandatory legal/compliance obligations | F12: C
B13: 3 | C13: Would unauthorized disclosure of this asset's data cause legal, financial, or reputational damage? | D13: Yes if breach leads to penalty, lawsuit, or public embarrassment | F13: C
B14: 4 | C14: Is the data classified as Confidential or Restricted per your data classification policy? | D14: Based on your org's data classification framework | F14: C
B15: 5 | C15: Is access to this asset limited to specific authorized roles only? | D15: Yes = role-based / restricted access enforced | F15: C
B17: INTEGRITY (I)
B18: 6 | C18: Would unauthorized modification or corruption of this asset's data cause operational harm? | D18: e.g., incorrect financials, wrong production output | F18: I
B19: 7 | C19: Is this asset's data used in critical business decisions or automated processes? | D19: e.g., financial reports, control systems, dashboards | F19: I
B20: 8 | C20: Is it difficult to detect if data in this asset has been tampered with? | D20: Yes = no strong audit trail or integrity check exists | F20: I
B21: 9 | C21: Would a data integrity failure in this asset be difficult or impossible to reverse? | D21: Yes = irreversible corruption or no reliable backup | F21: I
B22: 10 | C22: Does this asset lack sufficient integrity controls (checksums, digital signatures, audit logs)? | D22: Yes = controls are missing or weak | F22: I
B24: AVAILABILITY (A)
B25: 11 | C25: Is the maximum tolerable downtime (MTD) for this asset less than 8 hours? | D25: Yes = RTO is very tight; near real-time recovery needed | F25: A
B26: 12 | C26: Would unavailability of this asset for more than 1 hour significantly disrupt business operations? | D26: Yes = operations halt or degrade severely | F26: A
B27: 13 | C27: Do a large number of users or critical processes depend on this asset? | D27: Yes = wide or critical dependency across the org | F27: A
B28: 14 | C28: Does downtime of this asset result in financial loss, SLA breach, or safety risk? | D28: Yes = quantifiable business or safety impact | F28: A
B29: 15 | C29: Does this asset lack a tested disaster recovery or failover plan? | D29: Yes = no DR plan, or plan exists but untested | F29: A

Sheet BIA Score Summary
B1: BIA Score Summary
B3: Asset / System Name | C3: ='BIA Questionnaire'!C3 -> 0
B4: Asset Owner | C4: ='BIA Questionnaire'!C4 -> 0
B5: Department | C5: ='BIA Questionnaire'!C5 -> 0
B6: Assessment Date | C6: ='BIA Questionnaire'!C6 -> 0
B7: Assessor Name | C7: ='BIA Questionnaire'!C7 -> 0
B10: 📊 SELECT SCALE | D10: A | E10: =IF(D10="A","Scale A: Range 0.0 – 1.0 | Low / Medium / High",IF(D10="B","Scale B: Range 1 – 5 | Very Low / Low / Medium / High / Critical","Scale C: Range 0 – 100% | Low / Medium / High")) -> Scale A: Range 0.0 – 1.0 | Low / Medium / High
B11: ↑ Click cell D10 and pick A, B or C from the dropdown to switch scale
B13: CIA Dimension | C13: Yes Count | D13: Raw Avg (0–1) | E13: Scaled Score | F13: Impact Level
B14: Confidentiality (C) | C14: =IFERROR(IF('BIA Questionnaire'!E11="Yes",1,0)+IF('BIA Questionnaire'!E12="Yes",1,0)+IF('BIA Questionnaire'!E13="Yes",1,0)+IF('BIA Questionnaire'!E14="Yes",1,0)+IF('BIA Questionnaire'!E15="Yes",1,0),"") -> 0 | D14: =IFERROR(C14/5,"") -> 0 | E14: =IFERROR(IF(D10="A",D14,IF(D10="B",(D14*4)+1,IF(D10="C",D14*100,""))),"Fill Answers") -> 0 | F14: =IF(E14="Fill Answers","—",IF(D10="A",IF(E14<=0.33,"LOW",IF(E14<=0.66,"MEDIUM","HIGH")),IF(D10="B",IF(E14<=1.8,"VERY LOW",IF(E14<=2.6,"LOW",IF(E14<=3.4,"MEDIUM",IF(E14<=4.2,"HIGH","CRITICAL")))),IF(D10="C",IF(E14<=33,"LOW",IF(E14<=66,"MEDIUM","HIGH")),"—")))) -> LOW
B15: Integrity (I) | C15: =IFERROR(IF('BIA Questionnaire'!E18="Yes",1,0)+IF('BIA Questionnaire'!E19="Yes",1,0)+IF('BIA Questionnaire'!E20="Yes",1,0)+IF('BIA Questionnaire'!E21="Yes",1,0)+IF('BIA Questionnaire'!E22="Yes",1,0),"") -> 0 | D15: =IFERROR(C15/5,"") -> 0 | E15: =IFERROR(IF(D10="A",D15,IF(D10="B",(D15*4)+1,IF(D10="C",D15*100,""))),"Fill Answers") -> 0 | F15: =IF(E15="Fill Answers","—",IF(D10="A",IF(E15<=0.33,"LOW",IF(E15<=0.66,"MEDIUM","HIGH")),IF(D10="B",IF(E15<=1.8,"VERY LOW",IF(E15<=2.6,"LOW",IF(E15<=3.4,"MEDIUM",IF(E15<=4.2,"HIGH","CRITICAL")))),IF(D10="C",IF(E15<=33,"LOW",IF(E15<=66,"MEDIUM","HIGH")),"—")))) -> LOW
B16: Availability (A) | C16: =IFERROR(IF('BIA Questionnaire'!E25="Yes",1,0)+IF('BIA Questionnaire'!E26="Yes",1,0)+IF('BIA Questionnaire'!E27="Yes",1,0)+IF('BIA Questionnaire'!E28="Yes",1,0)+IF('BIA Questionnaire'!E29="Yes",1,0),"") -> 0 | D16: =IFERROR(C16/5,"") -> 0 | E16: =IFERROR(IF(D10="A",D16,IF(D10="B",(D16*4)+1,IF(D10="C",D16*100,""))),"Fill Answers") -> 0 | F16: =IF(E16="Fill Answers","—",IF(D10="A",IF(E16<=0.33,"LOW",IF(E16<=0.66,"MEDIUM","HIGH")),IF(D10="B",IF(E16<=1.8,"VERY LOW",IF(E16<=2.6,"LOW",IF(E16<=3.4,"MEDIUM",IF(E16<=4.2,"HIGH","CRITICAL")))),IF(D10="C",IF(E16<=33,"LOW",IF(E16<=66,"MEDIUM","HIGH")),"—")))) -> LOW
B18: Overall BIA Score | D18: =IFERROR(AVERAGE(D14,D15,D16),"Incomplete") -> 0 | E18: =IFERROR(IF(D10="A",D18,IF(D10="B",(D18*4)+1,IF(D10="C",D18*100,""))),"Incomplete") -> 0 | F18: =IF(E18="Incomplete","Fill all answers",IF(D10="A",IF(E18<=0.33,"LOW IMPACT",IF(E18<=0.66,"MEDIUM IMPACT","HIGH IMPACT")),IF(D10="B",IF(E18<=1.8,"VERY LOW IMPACT",IF(E18<=2.6,"LOW IMPACT",IF(E18<=3.4,"MEDIUM IMPACT",IF(E18<=4.2,"HIGH IMPACT","CRITICAL IMPACT")))),IF(D10="C",IF(E18<=33,"LOW IMPACT",IF(E18<=66,"MEDIUM IMPACT","HIGH IMPACT")),"—")))) -> LOW IMPACT
B20: IMPACT LEGEND (updates with scale)
B21: =IF(D10="B","VERY LOW : 1.00 – 1.80","— (not applicable for this scale)") -> — (not applicable for this scale) | C21: =IF(D10="B","All No answers; negligible risk","")
B22: =IF(D10="A","LOW : 0.00 – 0.33",IF(D10="B","LOW : 1.81 – 2.60","LOW : 0% – 33%")) -> LOW : 0.00 – 0.33 | C22: "Minimal impact; standard controls sufficient"
B23: =IF(D10="A","MEDIUM : 0.34 – 0.66",IF(D10="B","MEDIUM : 2.61 – 3.40","MEDIUM : 34% – 66%")) -> MEDIUM : 0.34 – 0.66 | C23: "Moderate impact; enhanced controls recommended"
B24: =IF(D10="A","HIGH : 0.67 – 1.00",IF(D10="B","HIGH : 3.41 – 4.20","HIGH : 67% – 100%")) -> HIGH : 0.67 – 1.00 | C24: "Significant impact; strong controls & DR mandatory"
B25: =IF(D10="B","CRITICAL : 4.21 – 5.00","— (not applicable for this scale)") -> — (not applicable for this scale) | C25: =IF(D10="B","Severe impact; top-priority protection required","")
