Workbook

Sheet Vendor Tiering Tool
B2: TPRM – Vendor Tiering & Scoring Tool
B4: Score each vendor 1–3 per criterion. The tool auto-calculates the weighted score and assigns the Tier.
A7: # | B7: Vendor Name | C7: Service / Product | D7: Data Access (Weight 30%) | E7: Financial Impact (Weight 25%) | F7: Operational Dependency (Weight 25%) | G7: Regulatory Sensitivity (Weight 10%) | H7: Geographic Risk (Weight 10%) | I7: Weighted Score | J7: Tier | K7: Monitoring Frequency
A8: 1 | I8: =IF(AND(D8<>"",E8<>"",F8<>"",G8<>"",H8<>""),VALUE(LEFT(D8,1))*0.3+VALUE(LEFT(E8,1))*0.25+VALUE(LEFT(F8,1))*0.25+VALUE(LEFT(G8,1))*0.1+VALUE(LEFT(H8,1))*0.1,"") | J8: =IF(I8="","",IF(I8>=2.5,"Critical",IF(I8>=2,"High",IF(I8>=1.5,"Medium","Low")))) | K8: =IF(J8="","",IF(J8="Critical","Continuous",IF(J8="High","Quarterly",IF(J8="Medium","Semi-Annual","Annual"))))
A9: 2 | I9: =IF(AND(D9<>"",E9<>"",F9<>"",G9<>"",H9<>""),VALUE(LEFT(D9,1))*0.3+VALUE(LEFT(E9,1))*0.25+VALUE(LEFT(F9,1))*0.25+VALUE(LEFT(G9,1))*0.1+VALUE(LEFT(H9,1))*0.1,"") | J9: =IF(I9="","",IF(I9>=2.5,"Critical",IF(I9>=2,"High",IF(I9>=1.5,"Medium","Low")))) | K9: =IF(J9="","",IF(J9="Critical","Continuous",IF(J9="High","Quarterly",IF(J9="Medium","Semi-Annual","Annual"))))
A10: 3 | I10: =IF(AND(D10<>"",E10<>"",F10<>"",G10<>"",H10<>""),VALUE(LEFT(D10,1))*0.3+VALUE(LEFT(E10,1))*0.25+VALUE(LEFT(F10,1))*0.25+VALUE(LEFT(G10,1))*0.1+VALUE(LEFT(H10,1))*0.1,"") | J10: =IF(I10="","",IF(I10>=2.5,"Critical",IF(I10>=2,"High",IF(I10>=1.5,"Medium","Low")))) | K10: =IF(J10="","",IF(J10="Critical","Continuous",IF(J10="High","Quarterly",IF(J10="Medium","Semi-Annual","Annual"))))
A11: 4 | I11: =IF(AND(D11<>"",E11<>"",F11<>"",G11<>"",H11<>""),VALUE(LEFT(D11,1))*0.3+VALUE(LEFT(E11,1))*0.25+VALUE(LEFT(F11,1))*0.25+VALUE(LEFT(G11,1))*0.1+VALUE(LEFT(H11,1))*0.1,"") | J11: =IF(I11="","",IF(I11>=2.5,"Critical",IF(I11>=2,"High",IF(I11>=1.5,"Medium","Low")))) | K11: =IF(J11="","",IF(J11="Critical","Continuous",IF(J11="High","Quarterly",IF(J11="Medium","Semi-Annual","Annual"))))
A12: 5 | I12: =IF(AND(D12<>"",E12<>"",F12<>"",G12<>"",H12<>""),VALUE(LEFT(D12,1))*0.3+VALUE(LEFT(E12,1))*0.25+VALUE(LEFT(F12,1))*0.25+VALUE(LEFT(G12,1))*0.1+VALUE(LEFT(H12,1))*0.1,"") | J12: =IF(I12="","",IF(I12>=2.5,"Critical",IF(I12>=2,"High",IF(I12>=1.5,"Medium","Low")))) | K12: =IF(J12="","",IF(J12="Critical","Continuous",IF(J12="High","Quarterly",IF(J12="Medium","Semi-Annual","Annual"))))
A13: 6 | I13: =IF(AND(D13<>"",E13<>"",F13<>"",G13<>"",H13<>""),VALUE(LEFT(D13,1))*0.3+VALUE(LEFT(E13,1))*0.25+VALUE(LEFT(F13,1))*0.25+VALUE(LEFT(G13,1))*0.1+VALUE(LEFT(H13,1))*0.1,"") | J13: =IF(I13="","",IF(I13>=2.5,"Critical",IF(I13>=2,"High",IF(I13>=1.5,"Medium","Low")))) | K13: =IF(J13="","",IF(J13="Critical","Continuous",IF(J13="High","Quarterly",IF(J13="Medium","Semi-Annual","Annual"))))
A14: 7 | I14: =IF(AND(D14<>"",E14<>"",F14<>"",G14<>"",H14<>""),VALUE(LEFT(D14,1))*0.3+VALUE(LEFT(E14,1))*0.25+VALUE(LEFT(F14,1))*0.25+VALUE(LEFT(G14,1))*0.1+VALUE(LEFT(H14,1))*0.1,"") | J14: =IF(I14="","",IF(I14>=2.5,"Critical",IF(I14>=2,"High",IF(I14>=1.5,"Medium","Low")))) | K14: =IF(J14="","",IF(J14="Critical","Continuous",IF(J14="High","Quarterly",IF(J14="Medium","Semi-Annual","Annual"))))
A15: 8 | I15: =IF(AND(D15<>"",E15<>"",F15<>"",G15<>"",H15<>""),VALUE(LEFT(D15,1))*0.3+VALUE(LEFT(E15,1))*0.25+VALUE(LEFT(F15,1))*0.25+VALUE(LEFT(G15,1))*0.1+VALUE(LEFT(H15,1))*0.1,"") | J15: =IF(I15="","",IF(I15>=2.5,"Critical",IF(I15>=2,"High",IF(I15>=1.5,"Medium","Low")))) | K15: =IF(J15="","",IF(J15="Critical","Continuous",IF(J15="High","Quarterly",IF(J15="Medium","Semi-Annual","Annual"))))
A16: 9 | I16: =IF(AND(D16<>"",E16<>"",F16<>"",G16<>"",H16<>""),VALUE(LEFT(D16,1))*0.3+VALUE(LEFT(E16,1))*0.25+VALUE(LEFT(F16,1))*0.25+VALUE(LEFT(G16,1))*0.1+VALUE(LEFT(H16,1))*0.1,"") | J16: =IF(I16="","",IF(I16>=2.5,"Critical",IF(I16>=2,"High",IF(I16>=1.5,"Medium","Low")))) | K16: =IF(J16="","",IF(J16="Critical","Continuous",IF(J16="High","Quarterly",IF(J16="Medium","Semi-Annual","Annual"))))
A17: 10 | I17: =IF(AND(D17<>"",E17<>"",F17<>"",G17<>"",H17<>""),VALUE(LEFT(D17,1))*0.3+VALUE(LEFT(E17,1))*0.25+VALUE(LEFT(F17,1))*0.25+VALUE(LEFT(G17,1))*0.1+VALUE(LEFT(H17,1))*0.1,"") | J17: =IF(I17="","",IF(I17>=2.5,"Critical",IF(I17>=2,"High",IF(I17>=1.5,"Medium","Low")))) | K17: =IF(J17="","",IF(J17="Critical","Continuous",IF(J17="High","Quarterly",IF(J17="Medium","Semi-Annual","Annual"))))
A18: 11 | I18: =IF(AND(D18<>"",E18<>"",F18<>"",G18<>"",H18<>""),VALUE(LEFT(D18,1))*0.3+VALUE(LEFT(E18,1))*0.25+VALUE(LEFT(F18,1))*0.25+VALUE(LEFT(G18,1))*0.1+VALUE(LEFT(H18,1))*0.1,"") | J18: =IF(I18="","",IF(I18>=2.5,"Critical",IF(I18>=2,"High",IF(I18>=1.5,"Medium","Low")))) | K18: =IF(J18="","",IF(J18="Critical","Continuous",IF(J18="High","Quarterly",IF(J18="Medium","Semi-Annual","Annual"))))
A19: 12 | I19: =IF(AND(D19<>"",E19<>"",F19<>"",G19<>"",H19<>""),VALUE(LEFT(D19,1))*0.3+VALUE(LEFT(E19,1))*0.25+VALUE(LEFT(F19,1))*0.25+VALUE(LEFT(G19,1))*0.1+VALUE(LEFT(H19,1))*0.1,"") | J19: =IF(I19="","",IF(I19>=2.5,"Critical",IF(I19>=2,"High",IF(I19>=1.5,"Medium","Low")))) | K19: =IF(J19="","",IF(J19="Critical","Continuous",IF(J19="High","Quarterly",IF(J19="Medium","Semi-Annual","Annual"))))
... A27: 20 | I27: =IF(AND(D27<>"",E27<>"",F27<>"",G27<>"",H27<>""),VALUE(LEFT(D27,1))*0.3+VALUE(LEFT(E27,1))*0.25+VALUE(LEFT(F27,1))*0.25+VALUE(LEFT(G27,1))*0.1+VALUE(LEFT(H27,1))*0.1,"") | J27: =IF(I27="","",IF(I27>=2.5,"Critical",IF(I27>=2,"High",IF(I27>=1.5,"Medium","Low")))) | K27: =IF(J27="","",IF(J27="Critical","Continuous",IF(J27="High","Quarterly",IF(J27="Medium","Semi-Annual","Annual"))))

Sheet Vendor Summary
B2: TPRM – Vendor Summary Dashboard
B4: Auto-populated from the Vendor Tiering Tool sheet. Vendors appear here once all scores are entered.
B6: Total Vendors | C6: Critical | D6: High | E6: Medium | F6: Low
B7: =COUNTA('Vendor Tiering Tool'!B8:B27) -> 0 | C7: =COUNTIF('Vendor Tiering Tool'!J8:J27,"Critical") -> 0 | D7: =COUNTIF('Vendor Tiering Tool'!J8:J27,"High") -> 0 | E7: =COUNTIF('Vendor Tiering Tool'!J8:J27,"Medium") -> 0 | F7: =COUNTIF('Vendor Tiering Tool'!J8:J27,"Low") -> 0
A9: # | B9: Vendor Name | C9: Service / Product | D9: Weighted Score | E9: Tier | F9: Monitoring Frequency
A10: =IF('Vendor Tiering Tool'!B8="","",1) | B10: =IF('Vendor Tiering Tool'!B8="","",'Vendor Tiering Tool'!B8) | C10: =IF('Vendor Tiering Tool'!B8="","",'Vendor Tiering Tool'!C8) | D10: =IF('Vendor Tiering Tool'!B8="","",'Vendor Tiering Tool'!I8) | E10: =IF('Vendor Tiering Tool'!B8="","",'Vendor Tiering Tool'!J8) | F10: =IF('Vendor Tiering Tool'!B8="","",'Vendor Tiering Tool'!K8)
A11: =IF('Vendor Tiering Tool'!B9="","",2) | B11: =IF('Vendor Tiering Tool'!B9="","",'Vendor Tiering Tool'!B9) | C11: =IF('Vendor Tiering Tool'!B9="","",'Vendor Tiering Tool'!C9) | D11: =IF('Vendor Tiering Tool'!B9="","",'Vendor Tiering Tool'!I9) | E11: =IF('Vendor Tiering Tool'!B9="","",'Vendor Tiering Tool'!J9) | F11: =IF('Vendor Tiering Tool'!B9="","",'Vendor Tiering Tool'!K9)
A12: =IF('Vendor Tiering Tool'!B10="","",3) | B12: =IF('Vendor Tiering Tool'!B10="","",'Vendor Tiering Tool'!B10) | C12: =IF('Vendor Tiering Tool'!B10="","",'Vendor Tiering Tool'!C10) | D12: =IF('Vendor Tiering Tool'!B10="","",'Vendor Tiering Tool'!I10) | E12: =IF('Vendor Tiering Tool'!B10="","",'Vendor Tiering Tool'!J10) | F12: =IF('Vendor Tiering Tool'!B10="","",'Vendor Tiering Tool'!K10)
A13: =IF('Vendor Tiering Tool'!B11="","",4) | B13: =IF('Vendor Tiering Tool'!B11="","",'Vendor Tiering Tool'!B11) | C13: =IF('Vendor Tiering Tool'!B11="","",'Vendor Tiering Tool'!C11) | D13: =IF('Vendor Tiering Tool'!B11="","",'Vendor Tiering Tool'!I11) | E13: =IF('Vendor Tiering Tool'!B11="","",'Vendor Tiering Tool'!J11) | F13: =IF('Vendor Tiering Tool'!B11="","",'Vendor Tiering Tool'!K11)
A14: =IF('Vendor Tiering Tool'!B12="","",5) | B14: =IF('Vendor Tiering Tool'!B12="","",'Vendor Tiering Tool'!B12) | C14: =IF('Vendor Tiering Tool'!B12="","",'Vendor Tiering Tool'!C12) | D14: =IF('Vendor Tiering Tool'!B12="","",'Vendor Tiering Tool'!I12) | E14: =IF('Vendor Tiering Tool'!B12="","",'Vendor Tiering Tool'!J12) | F14: =IF('Vendor Tiering Tool'!B12="","",'Vendor Tiering Tool'!K12)
A15: =IF('Vendor Tiering Tool'!B13="","",6) | B15: =IF('Vendor Tiering Tool'!B13="","",'Vendor Tiering Tool'!B13) | C15: =IF('Vendor Tiering Tool'!B13="","",'Vendor Tiering Tool'!C13) | D15: =IF('Vendor Tiering Tool'!B13="","",'Vendor Tiering Tool'!I13) | E15: =IF('Vendor Tiering Tool'!B13="","",'Vendor Tiering Tool'!J13) | F15: =IF('Vendor Tiering Tool'!B13="","",'Vendor Tiering Tool'!K13)
A16: =IF('Vendor Tiering Tool'!B14="","",7) | B16: =IF('Vendor Tiering Tool'!B14="","",'Vendor Tiering Tool'!B14) | C16: =IF('Vendor Tiering Tool'!B14="","",'Vendor Tiering Tool'!C14) | D16: =IF('Vendor Tiering Tool'!B14="","",'Vendor Tiering Tool'!I14) | E16: =IF('Vendor Tiering Tool'!B14="","",'Vendor Tiering Tool'!J14) | F16: =IF('Vendor Tiering Tool'!B14="","",'Vendor Tiering Tool'!K14)
A17: =IF('Vendor Tiering Tool'!B15="","",8) | B17: =IF('Vendor Tiering Tool'!B15="","",'Vendor Tiering Tool'!B15) | C17: =IF('Vendor Tiering Tool'!B15="","",'Vendor Tiering Tool'!C15) | D17: =IF('Vendor Tiering Tool'!B15="","",'Vendor Tiering Tool'!I15) | E17: =IF('Vendor Tiering Tool'!B15="","",'Vendor Tiering Tool'!J15) | F17: =IF('Vendor Tiering Tool'!B15="","",'Vendor Tiering Tool'!K15)
A18: =IF('Vendor Tiering Tool'!B16="","",9) | B18: =IF('Vendor Tiering Tool'!B16="","",'Vendor Tiering Tool'!B16) | C18: =IF('Vendor Tiering Tool'!B16="","",'Vendor Tiering Tool'!C16) | D18: =IF('Vendor Tiering Tool'!B16="","",'Vendor Tiering Tool'!I16) | E18: =IF('Vendor Tiering Tool'!B16="","",'Vendor Tiering Tool'!J16) | F18: =IF('Vendor Tiering Tool'!B16="","",'Vendor Tiering Tool'!K16)
A19: =IF('Vendor Tiering Tool'!B17="","",10) | B19: =IF('Vendor Tiering Tool'!B17="","",'Vendor Tiering Tool'!B17) | C19: =IF('Vendor Tiering Tool'!B17="","",'Vendor Tiering Tool'!C17) | D19: =IF('Vendor Tiering Tool'!B17="","",'Vendor Tiering Tool'!I17) | E19: =IF('Vendor Tiering Tool'!B17="","",'Vendor Tiering Tool'!J17) | F19: =IF('Vendor Tiering Tool'!B17="","",'Vendor Tiering Tool'!K17)
A20: =IF('Vendor Tiering Tool'!B18="","",11) | B20: =IF('Vendor Tiering Tool'!B18="","",'Vendor Tiering Tool'!B18) | C20: =IF('Vendor Tiering Tool'!B18="","",'Vendor Tiering Tool'!C18) | D20: =IF('Vendor Tiering Tool'!B18="","",'Vendor Tiering Tool'!I18) | E20: =IF('Vendor Tiering Tool'!B18="","",'Vendor Tiering Tool'!J18) | F20: =IF('Vendor Tiering Tool'!B18="","",'Vendor Tiering Tool'!K18)
A21: =IF('Vendor Tiering Tool'!B19="","",12) | B21: =IF('Vendor Tiering Tool'!B19="","",'Vendor Tiering Tool'!B19) | C21: =IF('Vendor Tiering Tool'!B19="","",'Vendor Tiering Tool'!C19) | D21: =IF('Vendor Tiering Tool'!B19="","",'Vendor Tiering Tool'!I19) | E21: =IF('Vendor Tiering Tool'!B19="","",'Vendor Tiering Tool'!J19) | F21: =IF('Vendor Tiering Tool'!B19="","",'Vendor Tiering Tool'!K19)
A22: =IF('Vendor Tiering Tool'!B20="","",13) | B22: =IF('Vendor Tiering Tool'!B20="","",'Vendor Tiering Tool'!B20) | C22: =IF('Vendor Tiering Tool'!B20="","",'Vendor Tiering Tool'!C20) | D22: =IF('Vendor Tiering Tool'!B20="","",'Vendor Tiering Tool'!I20) | E22: =IF('Vendor Tiering Tool'!B20="","",'Vendor Tiering Tool'!J20) | F22: =IF('Vendor Tiering Tool'!B20="","",'Vendor Tiering Tool'!K20)
A23: =IF('Vendor Tiering Tool'!B21="","",14) | B23: =IF('Vendor Tiering Tool'!B21="","",'Vendor Tiering Tool'!B21) | C23: =IF('Vendor Tiering Tool'!B21="","",'Vendor Tiering Tool'!C21) | D23: =IF('Vendor Tiering Tool'!B21="","",'Vendor Tiering Tool'!I21) | E23: =IF('Vendor Tiering Tool'!B21="","",'Vendor Tiering Tool'!J21) | F23: =IF('Vendor Tiering Tool'!B21="","",'Vendor Tiering Tool'!K21)
A24: =IF('Vendor Tiering Tool'!B22="","",15) | B24: =IF('Vendor Tiering Tool'!B22="","",'Vendor Tiering Tool'!B22) | C24: =IF('Vendor Tiering Tool'!B22="","",'Vendor Tiering Tool'!C22) | D24: =IF('Vendor Tiering Tool'!B22="","",'Vendor Tiering Tool'!I22) | E24: =IF('Vendor Tiering Tool'!B22="","",'Vendor Tiering Tool'!J22) | F24: =IF('Vendor Tiering Tool'!B22="","",'Vendor Tiering Tool'!K22)
A25: =IF('Vendor Tiering Tool'!B23="","",16) | B25: =IF('Vendor Tiering Tool'!B23="","",'Vendor Tiering Tool'!B23) | C25: =IF('Vendor Tiering Tool'!B23="","",'Vendor Tiering Tool'!C23) | D25: =IF('Vendor Tiering Tool'!B23="","",'Vendor Tiering Tool'!I23) | E25: =IF('Vendor Tiering Tool'!B23="","",'Vendor Tiering Tool'!J23) | F25: =IF('Vendor Tiering Tool'!B23="","",'Vendor Tiering Tool'!K23)
A26: =IF('Vendor Tiering Tool'!B24="","",17) | B26: =IF('Vendor Tiering Tool'!B24="","",'Vendor Tiering Tool'!B24) | C26: =IF('Vendor Tiering Tool'!B24="","",'Vendor Tiering Tool'!C24) | D26: =IF('Vendor Tiering Tool'!B24="","",'Vendor Tiering Tool'!I24) | E26: =IF('Vendor Tiering Tool'!B24="","",'Vendor Tiering Tool'!J24) | F26: =IF('Vendor Tiering Tool'!B24="","",'Vendor Tiering Tool'!K24)
A27: =IF('Vendor Tiering Tool'!B25="","",18) | B27: =IF('Vendor Tiering Tool'!B25="","",'Vendor Tiering Tool'!B25) | C27: =IF('Vendor Tiering Tool'!B25="","",'Vendor Tiering Tool'!C25) | D27: =IF('Vendor Tiering Tool'!B25="","",'Vendor Tiering Tool'!I25) | E27: =IF('Vendor Tiering Tool'!B25="","",'Vendor Tiering Tool'!J25) | F27: =IF('Vendor Tiering Tool'!B25="","",'Vendor Tiering Tool'!K25)
A28: =IF('Vendor Tiering Tool'!B26="","",19) | B28: =IF('Vendor Tiering Tool'!B26="","",'Vendor Tiering Tool'!B26) | C28: =IF('Vendor Tiering Tool'!B26="","",'Vendor Tiering Tool'!C26) | D28: =IF('Vendor Tiering Tool'!B26="","",'Vendor Tiering Tool'!I26) | E28: =IF('Vendor Tiering Tool'!B26="","",'Vendor Tiering Tool'!J26) | F28: =IF('Vendor Tiering Tool'!B26="","",'Vendor Tiering Tool'!K26)
A29: =IF('Vendor Tiering Tool'!B27="","",20) | B29: =IF('Vendor Tiering Tool'!B27="","",'Vendor Tiering Tool'!B27) | C29: =IF('Vendor Tiering Tool'!B27="","",'Vendor Tiering Tool'!C27) | D29: =IF('Vendor Tiering Tool'!B27="","",'Vendor Tiering Tool'!I27) | E29: =IF('Vendor Tiering Tool'!B27="","",'Vendor Tiering Tool'!J27) | F29: =IF('Vendor Tiering Tool'!B27="","",'Vendor Tiering Tool'!K27)

Sheet Scoring Guide 
B2: TPRM Vendor Tiering – Scoring Guide & How the Calculation Works
B4: Reference guide: scoring rules, criteria weights, formula and tier mapping — all in one place.
B6: STEP 1 — What Do the Scores Mean? (1, 2 or 3)
B7: Score | C7: Label | D7: Meaning
B8: 1 | C8: Low | D8: Minimal risk — no/low sensitivity, easily replaceable, low financial impact
B9: 2 | C9: Medium | D9: Moderate risk — some sensitivity, replaceable with effort, mid-range impact
B10: 3 | C10: High | D10: High risk — sensitive data, critical dependency, high financial/regulatory impact
B12: STEP 2 — Scoring Criteria & Weights
B13: Criterion | C13: Weight | D13: Score 1 – Low | E13: Score 2 – Medium | F13: Score 3 – High
B14: Data Access | C14: 30% | D14: No sensitive data | E14: Limited PII / business data | F14: Sensitive PII, financial or health data
B15: Financial Impact | C15: 25% | D15: < $100K annual | E15: $100K – $1M annual | F15: > $1M or revenue-critical
B16: Operational Dependency | C16: 25% | D16: Easily replaceable | E16: Replaceable with effort | F16: No alternative / very hard to replace
B17: Regulatory Sensitivity | C17: 10% | D17: No regulatory requirement | E17: Some regulatory overlap | F17: Directly regulated relationship
B18: Geographic Risk | C18: 10% | D18: Same country, stable | E18: Different country, stable | F18: High-risk geography / jurisdiction
B20: STEP 3 — Weighted Score Formula
B21: Weighted Score = (Data Access × 0.30) + (Financial Impact × 0.25) + (Operational Dependency × 0.25) + (Regulatory Sensitivity × 0.10) + (Geographic Risk × 0.10)
B23: 📌 Example: Data Access = 3, Financial Impact = 2, Operational Dependency = 3, Regulatory Sensitivity = 2, Geographic Risk = 1
B24: = (3 × 0.30) + (2 × 0.25) + (3 × 0.25) + (2 × 0.10) + (1 × 0.10) = 0.90 + 0.50 + 0.75 + 0.20 + 0.10 = 2.45
B26: STEP 4 — Tier Assignment
B27: Tier | C27: Score Range | D27: Assessment Required | E27: Monitoring Frequency | F27: Assessment Depth | G27: Who Reviews
B28: Critical | C28: 2.50 – 3.00 | D28: Full assessment + evidence + interviews | E28: Continuous | F28: In-depth technical & compliance review | G28: CISO / Risk Committee
B29: High | C29: 2.00 – 2.49 | D29: Detailed assessment + evidence review | E29: Quarterly | F29: Detailed questionnaire + evidence | G29: Risk Manager
B30: Medium | C30: 1.50 – 1.99 | D30: Standard questionnaire | E30: Semi-Annual | F30: Standard risk questionnaire | G30: Procurement / Risk Team
B31: Low | C31: 1.00 – 1.49 | D31: Light-touch or self-certification | E31: Annual | F31: Self-certification form | G31: Procurement Team
B33: ✅ From the example above: Score = 2.45 → Tier = HIGH → Monitoring = Quarterly

Sheet Example
B2: Example: CloudSync (Cloud HR System)
B4: Criteria | C4: Weight | D4: Score | E4: Weighted Value | F4: Description
B5: Data Access | C5: 30% | D5: 3 | E5: 0.9 | F5: Processes employee PII incl. payroll
B6: Financial Impact | C6: 25% | D6: 2 | E6: 0.5 | F6: $500K annual contract
B7: Operational Dependency | C7: 25% | D7: 3 | E7: 0.75 | F7: No alternative in place
B8: Regulatory Sensitivity | C8: 10% | D8: 2 | E8: 0.2 | F8: Subject to data privacy regulations
B9: Geographic Risk | C9: 10% | D9: 1 | E9: 0.1 | F9: Same country
B10: TOTAL WEIGHTED SCORE | E10: =SUM(E5:E9) -> 2.45 | F10: → HIGH Tier
